frame,t_s,x_px,y_px,score,height_mm
176,-0.25,1050.0,520.0,1.000,109.0
177,-0.20,1050.0,520.0,1.000,109.0
178,-0.15,1050.0,520.0,1.000,109.0
179,-0.10,1050.0,520.0,1.000,109.0
180,-0.05,1050.0,520.0,1.000,109.0
181,0.00,1050.0,520.0,1.000,109.0
182,0.05,1050.7,525.5,0.998,104.0
183,0.10,1049.2,532.4,0.997,97.7
184,0.15,1050.3,534.6,0.998,95.7
185,0.20,1049.4,540.6,0.995,90.3
186,0.25,1049.2,548.1,0.993,83.5
187,0.30,1051.2,547.0,0.996,84.5
188,0.35,1050.1,555.1,0.993,77.2
189,0.40,1049.3,561.4,0.990,71.4
190,0.45,1053.4,557.8,0.994,74.7
191,0.50,1053.2,565.1,0.993,68.1
192,0.55,1049.7,576.2,0.985,58.0
193,0.60,1053.8,571.2,0.991,62.5
194,0.65,1050.6,580.3,0.989,54.2
195,0.70,1050.9,588.4,0.985,46.9
196,0.75,1054.2,584.8,0.990,50.2
197,0.80,1051.2,594.6,0.985,41.2
198,0.85,1050.0,600.9,0.978,35.5
199,0.90,1056.8,595.8,0.987,40.1
200,0.95,1052.9,602.5,0.978,34.1
201,1.00,1048.8,603.0,0.943,33.7
